Name,Theme,Platform,NumOfUsers,Ref,Id
dream.com,films,Wix,86879,972,1
hope.fi,fishing,Tilda,20978,150,2
school.com,games,Moguta.Cloud,55511,711,3
series.net,auto,Ukit,11908,608,4
dream.fi,books,Tilda,40907,680,5
various.com,serials,Tilda,69697,140,6
another.org,auto,Wix,41867,717,7
factor.fi,books,Moguta.Cloud,23642,476,8
respond.ru,serials,Nethouse,67874,891,9
ago.ru,books,Tilda,26457,22,10
participant.fi,games,Moguta.Cloud,49306,379,11
matter.org,films,Ukit,38968,329,12
idea.ru,books,Moguta.Cloud,64832,777,13
camera.com,games,Ukit,82178,921,14
clearly.ru,fishing,Ukit,32218,105,15
already.org,fishing,Nethouse,90513,483,16
whom.com,books,Wix,45842,780,17
different.com,auto,Moguta.Cloud,36311,165,18
nice.fi,fishing,Nethouse,28807,368,19
prove.net,books,Moguta.Cloud,44616,29,20
avoid.net,auto,Moguta.Cloud,42860,847,21
other.com,games,Ukit,55167,241,22
certainly.com,books,Wix,97249,500,23
per.org,films,Moguta.Cloud,22220,927,24
record.com,books,Moguta.Cloud,58564,267,25
fight.net,films,Moguta.Cloud,76475,751,26
family.com,films,Tilda,98608,862,27
eye.ru,auto,Wix,71398,499,28
performance.fi,films,Moguta.Cloud,27224,675,29
have.net,fishing,Nethouse,51324,731,30
treatment.com,books,Moguta.Cloud,55255,533,31
rest.org,fishing,Tilda,74340,125,32
blue.ru,games,Nethouse,37868,746,33
hair.fi,games,Wix,98624,213,34
talk.fi,auto,Moguta.Cloud,26738,952,35
art.com,fishing,Wix,79566,957,36
eat.fi,auto,Moguta.Cloud,24597,932,37
particular.fi,films,Moguta.Cloud,57389,232,38
detail.net,fishing,Tilda,89580,440,39
wrong.fi,films,Ukit,53943,209,40
its.net,fishing,Tilda,52455,132,41
among.net,fishing,Nethouse,95269,203,42
growth.net,fishing,Wix,55813,833,43
deep.net,films,Tilda,90968,199,44
score.org,serials,Nethouse,30523,440,45
final.net,games,Nethouse,10923,645,46
what.ru,books,Moguta.Cloud,94450,516,47
officer.fi,books,Moguta.Cloud,45742,447,48
career.fi,fishing,Nethouse,93812,993,49
instead.org,books,Nethouse,26548,853,50
say.ru,films,Tilda,32624,840,51
nor.org,books,Tilda,83397,392,52
while.com,auto,Nethouse,11291,224,53
modern.org,films,Wix,95698,813,54
fast.org,books,Tilda,28555,433,55
money.org,fishing,Ukit,70669,729,56
degree.net,serials,Wix,26667,243,57
ok.org,auto,Moguta.Cloud,88415,469,58
so.org,films,Nethouse,92249,406,59
my.net,films,Ukit,19182,258,60
social.net,books,Moguta.Cloud,84603,992,61
truth.ru,games,Nethouse,83777,372,62
professional.fi,serials,Ukit,37422,256,63
out.com,books,Moguta.Cloud,28777,399,64
reason.fi,serials,Ukit,17765,70,65
best.net,games,Ukit,83055,33,66
war.fi,fishing,Wix,46730,597,67
cultural.ru,serials,Ukit,10840,739,68
recognize.fi,games,Moguta.Cloud,92270,991,69
laugh.net,fishing,Wix,33374,490,70
everything.fi,auto,Moguta.Cloud,71805,446,71
bar.org,books,Ukit,38652,711,72
commercial.ru,serials,Ukit,91592,158,73
nearly.ru,auto,Ukit,62971,59,74
still.ru,fishing,Moguta.Cloud,34803,281,75
it.net,films,Moguta.Cloud,35299,867,76
couple.com,books,Tilda,29265,177,77
modern.net,games,Tilda,24450,151,78
stand.org,films,Ukit,37846,551,79
situation.fi,serials,Wix,80407,146,80
usually.net,films,Wix,88124,668,81
great.org,serials,Nethouse,80305,200,82
talk.com,films,Moguta.Cloud,69352,4,83
couple.com,games,Tilda,79198,447,84
guy.ru,games,Nethouse,42590,634,85
rule.org,games,Tilda,18401,50,86
sometimes.ru,fishing,Tilda,49283,569,87
world.net,auto,Wix,26160,555,88
dream.fi,serials,Nethouse,83542,528,89
fine.ru,books,Moguta.Cloud,55301,618,90
almost.net,fishing,Wix,95621,761,91
real.fi,films,Moguta.Cloud,80113,44,92
real.ru,fishing,Tilda,27589,742,93
answer.org,serials,Nethouse,21286,490,94
actually.com,games,Moguta.Cloud,31867,305,95
green.org,films,Moguta.Cloud,99119,904,96
return.fi,auto,Moguta.Cloud,90141,615,97
late.ru,auto,Tilda,24444,779,98
treat.org,auto,Ukit,35127,541,99
body.com,games,Ukit,89069,456,100
election.fi,auto,Moguta.Cloud,20282,178,101
change.ru,films,Tilda,87630,44,102
director.org,books,Tilda,80342,888,103
this.ru,games,Tilda,18894,515,104
Republican.com,serials,Nethouse,99227,447,105
manager.fi,serials,Wix,41933,716,106
commercial.ru,games,Nethouse,44582,708,107
happy.ru,games,Ukit,17473,548,108
window.org,auto,Tilda,34529,735,109
ability.com,films,Tilda,56921,353,110
recognize.fi,fishing,Tilda,16780,404,111
no.ru,films,Tilda,84849,436,112
down.org,books,Wix,97324,500,113
office.net,games,Tilda,76904,739,114
game.net,fishing,Wix,66779,813,115
kid.org,auto,Ukit,97327,653,116
project.com,serials,Wix,55598,472,117
lot.org,games,Ukit,43166,247,118
create.org,auto,Wix,33342,233,119
environmental.ru,films,Moguta.Cloud,36650,965,120
question.com,fishing,Wix,35850,716,121
another.net,auto,Wix,32693,809,122
possible.net,books,Moguta.Cloud,45214,536,123
opportunity.com,auto,Nethouse,17374,104,124
with.ru,serials,Tilda,44119,876,125
ground.net,fishing,Moguta.Cloud,51222,679,126
different.ru,auto,Tilda,76675,371,127
campaign.net,games,Moguta.Cloud,61575,760,128
position.net,fishing,Tilda,74353,653,129
rather.ru,fishing,Tilda,44351,240,130
become.org,serials,Tilda,97465,150,131
not.ru,films,Tilda,51144,699,132
former.ru,games,Tilda,96108,786,133
glass.ru,books,Wix,25514,635,134
across.org,films,Tilda,85421,809,135
spring.com,auto,Tilda,20222,224,136
explain.org,games,Moguta.Cloud,72044,205,137
sound.ru,auto,Wix,49000,674,138
member.org,films,Moguta.Cloud,98872,154,139
tough.ru,books,Nethouse,34534,948,140
know.ru,films,Moguta.Cloud,85066,472,141
tonight.fi,games,Ukit,90664,801,142
decide.fi,auto,Moguta.Cloud,80420,698,143
behind.net,books,Tilda,38167,235,144
instead.ru,books,Nethouse,75536,400,145
source.fi,books,Tilda,90024,563,146
agent.com,auto,Moguta.Cloud,64659,38,147
cup.org,fishing,Tilda,80428,512,148
build.net,books,Ukit,49966,557,149
relate.fi,fishing,Wix,51641,247,150
present.fi,books,Wix,92297,424,151
note.net,books,Tilda,41327,901,152
open.com,auto,Nethouse,69104,231,153
threat.org,films,Nethouse,79161,222,154
card.net,fishing,Wix,85427,486,155
ready.org,games,Wix,14121,5,156
whole.ru,games,Moguta.Cloud,18884,842,157
particular.ru,games,Tilda,33074,446,158
forward.net,books,Moguta.Cloud,33821,673,159
certainly.org,fishing,Wix,78059,96,160
interview.ru,books,Nethouse,48491,185,161
his.com,fishing,Ukit,67919,697,162
entire.ru,books,Tilda,86115,847,163
join.net,auto,Ukit,42986,786,164
free.ru,games,Wix,98954,903,165
goal.com,games,Wix,23615,67,166
section.com,films,Tilda,14925,306,167
rise.ru,auto,Nethouse,17995,847,168
language.org,books,Wix,40874,131,169
impact.net,games,Ukit,71164,901,170
truth.fi,serials,Wix,24582,475,171
adult.net,fishing,Wix,45902,460,172
notice.net,serials,Ukit,50571,520,173
to.org,auto,Tilda,11738,734,174
health.fi,serials,Nethouse,31033,156,175
language.fi,auto,Ukit,20010,348,176
onto.ru,games,Ukit,63574,412,177
personal.fi,auto,Moguta.Cloud,24939,433,178
skin.net,films,Nethouse,63443,871,179
occur.fi,films,Wix,45721,590,180
budget.net,fishing,Nethouse,14021,598,181
wind.fi,serials,Nethouse,59248,796,182
run.net,books,Wix,31543,385,183
wear.org,auto,Nethouse,47830,557,184
increase.com,serials,Wix,61769,295,185
must.ru,books,Ukit,91814,566,186
maintain.org,books,Moguta.Cloud,29688,954,187
figure.ru,fishing,Moguta.Cloud,33502,355,188
seat.fi,fishing,Moguta.Cloud,21599,500,189
third.com,fishing,Tilda,26450,620,190
economic.org,auto,Nethouse,41548,680,191
alone.net,games,Tilda,78405,593,192
field.org,serials,Nethouse,48316,844,193
off.ru,auto,Tilda,68252,416,194
account.org,fishing,Moguta.Cloud,88445,359,195
their.com,auto,Tilda,83268,8,196
collection.ru,films,Wix,75965,231,197
room.fi,serials,Tilda,83609,119,198
ask.com,games,Ukit,79122,371,199
war.org,films,Wix,64903,166,200
training.net,books,Moguta.Cloud,56760,492,201
paper.net,serials,Moguta.Cloud,30711,210,202
and.com,fishing,Wix,26616,280,203
five.org,serials,Moguta.Cloud,15274,563,204
positive.org,fishing,Wix,42437,310,205
pretty.net,books,Nethouse,35100,851,206
mind.ru,games,Tilda,70668,892,207
wonder.net,auto,Ukit,81667,909,208
create.com,books,Tilda,87497,928,209
attack.ru,fishing,Moguta.Cloud,15794,215,210
assume.ru,games,Moguta.Cloud,14249,952,211
beyond.com,serials,Nethouse,54763,671,212
peace.ru,fishing,Wix,84805,549,213
explain.com,auto,Wix,25560,924,214
offer.fi,games,Ukit,24971,704,215
yes.com,serials,Tilda,74552,486,216
chance.fi,fishing,Nethouse,69476,75,217
hard.org,auto,Tilda,34676,684,218
talk.net,books,Moguta.Cloud,29264,967,219
site.org,auto,Moguta.Cloud,29690,776,220
set.com,films,Moguta.Cloud,81532,701,221
alone.net,fishing,Tilda,48563,496,222
whom.org,serials,Tilda,11312,549,223
year.ru,serials,Nethouse,11167,782,224
hold.net,auto,Ukit,21225,471,225
chance.org,games,Wix,74936,132,226
many.com,serials,Tilda,25806,108,227
stand.ru,auto,Moguta.Cloud,64387,295,228
city.net,serials,Nethouse,48264,860,229
occur.ru,auto,Ukit,61538,952,230
its.org,fishing,Tilda,76810,440,231
machine.org,fishing,Ukit,79057,666,232
amount.org,books,Moguta.Cloud,96951,838,233
evidence.fi,fishing,Tilda,86381,620,234
use.fi,books,Moguta.Cloud,16795,573,235
Republican.fi,fishing,Moguta.Cloud,20144,328,236
rate.ru,auto,Tilda,52671,283,237
describe.org,books,Wix,19365,765,238
over.net,serials,Tilda,69526,553,239
message.net,auto,Wix,75992,178,240
former.net,fishing,Moguta.Cloud,97661,654,241
before.com,fishing,Ukit,17726,972,242
tree.fi,games,Wix,80171,376,243
key.org,books,Wix,32904,503,244
either.com,books,Moguta.Cloud,30214,282,245
very.net,serials,Tilda,46438,257,246
draw.org,films,Nethouse,55717,146,247
southern.com,auto,Ukit,31960,444,248
agency.com,books,Nethouse,61705,537,249
early.fi,games,Tilda,63759,440,250
agreement.ru,auto,Tilda,48780,630,251
around.ru,games,Nethouse,77036,658,252
various.com,books,Tilda,73360,637,253
report.ru,games,Tilda,50148,834,254
really.com,fishing,Tilda,60652,363,255
explain.net,fishing,Moguta.Cloud,91263,556,256
cell.ru,games,Ukit,89172,695,257
month.org,books,Tilda,72630,744,258
available.net,fishing,Tilda,34760,487,259
candidate.fi,auto,Moguta.Cloud,89917,13,260
letter.com,auto,Ukit,83872,152,261
finally.ru,fishing,Nethouse,86594,890,262
life.fi,fishing,Nethouse,89219,37,263
behavior.com,films,Wix,40633,604,264
marriage.com,auto,Wix,74502,361,265
call.ru,fishing,Ukit,65792,612,266
under.fi,auto,Wix,40555,724,267
wish.org,films,Tilda,45843,535,268
consider.com,auto,Nethouse,91296,362,269
discussion.org,fishing,Tilda,13791,941,270
able.com,fishing,Tilda,19947,256,271
shoulder.net,fishing,Nethouse,42241,692,272
fly.net,games,Ukit,96029,80,273
recent.org,auto,Ukit,27865,571,274
hot.ru,books,Tilda,87239,494,275
type.net,films,Tilda,73572,884,276
space.net,serials,Wix,65683,468,277
me.fi,auto,Moguta.Cloud,50145,888,278
box.fi,games,Tilda,19981,431,279
month.com,fishing,Ukit,26501,954,280
doctor.net,games,Wix,53822,184,281
prepare.fi,books,Ukit,78055,802,282
method.com,books,Wix,92970,64,283
form.fi,serials,Moguta.Cloud,81441,927,284
significant.ru,games,Moguta.Cloud,88069,379,285
contain.com,books,Nethouse,81196,396,286
former.com,books,Tilda,64096,855,287
research.org,films,Ukit,44508,323,288
break.com,games,Wix,39725,658,289
figure.ru,films,Ukit,58651,517,290
character.net,films,Wix,76030,829,291
second.com,games,Tilda,37053,645,292
pull.fi,films,Tilda,74288,312,293
reduce.org,serials,Nethouse,32039,105,294
yeah.net,films,Ukit,71881,180,295
Mr.com,fishing,Tilda,57776,290,296
Republican.ru,serials,Moguta.Cloud,75320,181,297
consumer.com,books,Moguta.Cloud,56498,643,298
already.fi,serials,Nethouse,72735,730,299
lot.net,films,Wix,91744,23,300
foreign.fi,fishing,Nethouse,34152,428,301
mind.ru,films,Moguta.Cloud,67660,512,302
bank.org,serials,Tilda,73139,516,303
tax.ru,auto,Wix,18502,895,304
forward.net,auto,Ukit,78993,710,305
investment.net,serials,Wix,46812,345,306
push.org,games,Wix,69932,62,307
that.ru,films,Ukit,12023,786,308
turn.net,films,Ukit,24019,450,309
attack.ru,films,Moguta.Cloud,21842,419,310
wind.net,auto,Ukit,53044,738,311
interesting.net,games,Tilda,92343,226,312
member.ru,films,Nethouse,20325,474,313
coach.net,films,Moguta.Cloud,75817,393,314
pretty.org,fishing,Nethouse,91428,44,315
five.fi,auto,Wix,26196,390,316
late.com,books,Ukit,64335,882,317
set.org,auto,Tilda,75403,747,318
would.com,fishing,Tilda,94672,722,319
apply.net,fishing,Nethouse,60454,103,320
too.com,fishing,Ukit,98558,933,321
to.org,games,Tilda,59421,881,322
piece.net,books,Wix,18886,552,323
to.org,books,Nethouse,30390,729,324
worry.net,auto,Tilda,87077,170,325
marriage.fi,serials,Wix,93485,39,326
baby.org,serials,Tilda,21475,903,327
southern.fi,films,Moguta.Cloud,73307,340,328
cell.org,films,Tilda,44698,829,329
lay.fi,auto,Tilda,18663,45,330
news.ru,games,Ukit,23276,832,331
at.com,serials,Nethouse,61614,297,332
enough.org,games,Nethouse,20684,514,333
evidence.net,serials,Ukit,54006,408,334
traditional.ru,auto,Wix,46334,546,335
others.net,auto,Moguta.Cloud,16704,914,336
for.fi,games,Nethouse,73825,945,337
free.net,auto,Moguta.Cloud,55973,167,338
peace.fi,books,Tilda,86526,615,339
prevent.ru,films,Moguta.Cloud,54695,263,340
lawyer.fi,games,Moguta.Cloud,71378,915,341
production.net,books,Ukit,92744,599,342
still.net,films,Tilda,57287,727,343
though.net,games,Wix,12126,646,344
minute.ru,fishing,Tilda,28341,948,345
study.ru,serials,Tilda,80838,814,346
tree.net,books,Tilda,95331,748,347
difference.net,fishing,Wix,83183,32,348
soldier.ru,fishing,Tilda,64277,896,349
style.com,serials,Ukit,39662,461,350
allow.net,fishing,Ukit,56977,179,351
amount.net,books,Ukit,84637,81,352
adult.com,books,Wix,41165,219,353
agent.com,fishing,Nethouse,66369,865,354
measure.org,films,Wix,17481,91,355
west.net,fishing,Ukit,21696,110,356
face.ru,books,Nethouse,88939,825,357
start.fi,games,Nethouse,66292,946,358
travel.net,serials,Wix,81759,350,359
behavior.net,games,Ukit,65750,823,360
them.ru,fishing,Wix,85314,477,361
south.com,serials,Ukit,26348,885,362
once.ru,fishing,Nethouse,81439,439,363
agency.ru,games,Moguta.Cloud,51794,515,364
customer.net,films,Tilda,43252,215,365
fact.ru,films,Nethouse,94754,577,366
unit.fi,films,Ukit,82210,202,367
ok.org,films,Tilda,13321,312,368
pass.fi,serials,Ukit,87586,416,369
institution.org,books,Nethouse,96640,202,370
PM.org,auto,Wix,96734,746,371
enough.net,serials,Ukit,75932,202,372
imagine.net,games,Wix,64625,797,373
political.ru,films,Ukit,88777,206,374
administration.fi,books,Ukit,87708,881,375
carry.ru,fishing,Tilda,13606,409,376
assume.com,films,Tilda,65460,988,377
instead.fi,fishing,Ukit,28344,872,378
any.org,fishing,Ukit,72793,55,379
really.fi,games,Tilda,17733,126,380
eat.com,fishing,Wix,11586,744,381
event.ru,fishing,Wix,54503,40,382
order.org,games,Nethouse,16983,421,383
discover.fi,books,Moguta.Cloud,63657,127,384
traditional.ru,serials,Tilda,93460,712,385
attack.net,fishing,Moguta.Cloud,90733,496,386
no.fi,serials,Ukit,61285,136,387
total.com,auto,Ukit,27572,236,388
any.org,serials,Nethouse,99900,549,389
significant.org,games,Nethouse,52732,602,390
trade.net,films,Nethouse,56188,986,391
town.fi,games,Wix,86756,508,392
wear.net,films,Wix,88159,383,393
little.ru,serials,Wix,27080,896,394
conference.ru,auto,Wix,78415,891,395
identify.ru,auto,Wix,64131,893,396
avoid.fi,serials,Wix,35270,889,397
husband.net,auto,Wix,30940,795,398
range.com,books,Nethouse,47133,816,399
toward.net,serials,Moguta.Cloud,24091,948,400
place.net,games,Ukit,12729,312,401
Republican.org,games,Ukit,85319,607,402
popular.net,fishing,Tilda,91432,67,403
full.org,auto,Moguta.Cloud,63641,398,404
present.net,films,Tilda,20835,273,405
sort.net,fishing,Ukit,23866,117,406
commercial.net,films,Moguta.Cloud,33186,130,407
firm.net,games,Ukit,80696,364,408
person.fi,films,Tilda,63032,767,409
message.net,films,Tilda,95862,600,410
leader.org,books,Moguta.Cloud,46364,735,411
in.net,films,Moguta.Cloud,36974,378,412
now.ru,auto,Ukit,55865,580,413
none.org,films,Ukit,90735,153,414
message.org,games,Wix,27830,174,415
be.org,fishing,Tilda,56342,399,416
success.ru,serials,Tilda,26372,857,417
event.org,serials,Ukit,42773,824,418
later.net,serials,Wix,43846,142,419
half.net,games,Wix,11693,522,420
cell.ru,auto,Nethouse,34179,779,421
week.net,books,Ukit,84804,877,422
beyond.net,books,Ukit,22374,334,423
continue.ru,fishing,Wix,39405,239,424
others.net,serials,Moguta.Cloud,51214,54,425
chair.org,fishing,Wix,44354,621,426
beautiful.net,books,Ukit,33450,171,427
always.fi,fishing,Ukit,64317,726,428
race.fi,auto,Wix,54676,175,429
hair.org,serials,Tilda,95899,958,430
condition.fi,serials,Wix,74226,321,431
big.com,fishing,Moguta.Cloud,74023,770,432
standard.net,games,Tilda,35108,360,433
staff.org,films,Ukit,24086,27,434
interest.ru,auto,Wix,77370,15,435
mention.fi,fishing,Tilda,42426,335,436
do.org,films,Nethouse,99792,662,437
morning.com,books,Moguta.Cloud,27933,839,438
international.com,books,Ukit,71950,402,439
assume.fi,auto,Wix,39407,713,440
sister.org,games,Tilda,81583,148,441
avoid.fi,games,Ukit,59424,730,442
generation.net,films,Tilda,84601,255,443
general.ru,films,Tilda,21899,283,444
huge.net,games,Wix,80084,722,445
teach.com,games,Moguta.Cloud,35529,861,446
price.net,fishing,Nethouse,35110,38,447
class.org,fishing,Moguta.Cloud,48863,402,448
those.ru,auto,Moguta.Cloud,64804,631,449
growth.org,fishing,Wix,26462,722,450
part.ru,auto,Wix,33787,375,451
wonder.ru,films,Moguta.Cloud,48484,666,452
campaign.com,games,Ukit,72337,763,453
service.org,fishing,Wix,17174,814,454
old.com,auto,Tilda,19123,911,455
million.com,fishing,Wix,38028,56,456
artist.com,books,Ukit,43512,931,457
bit.ru,fishing,Ukit,90132,491,458
dream.net,fishing,Wix,13660,12,459
movement.fi,films,Nethouse,57947,213,460
finally.org,serials,Nethouse,16371,282,461
professional.com,films,Wix,72119,724,462
prepare.fi,fishing,Moguta.Cloud,30822,810,463
international.fi,films,Tilda,82991,595,464
view.fi,serials,Moguta.Cloud,56976,464,465
low.com,auto,Moguta.Cloud,46642,640,466
water.com,auto,Ukit,40420,560,467
station.ru,books,Tilda,51644,172,468
buy.ru,films,Ukit,73164,339,469
option.com,serials,Wix,57915,525,470
floor.org,auto,Moguta.Cloud,45225,515,471
drive.org,books,Nethouse,40239,463,472
official.ru,games,Ukit,68125,822,473
where.org,games,Nethouse,89495,815,474
my.ru,films,Wix,41844,775,475
threat.com,fishing,Ukit,39124,304,476
always.org,books,Moguta.Cloud,45065,675,477
yet.org,serials,Moguta.Cloud,76909,220,478
see.ru,films,Tilda,34689,415,479
become.org,games,Wix,54170,702,480
dinner.net,games,Moguta.Cloud,17516,575,481
improve.com,games,Ukit,77373,833,482
heart.com,films,Ukit,82707,271,483
develop.fi,books,Wix,68587,25,484
leg.org,serials,Moguta.Cloud,16055,584,485
relationship.fi,serials,Nethouse,59238,760,486
computer.net,games,Nethouse,55430,571,487
hair.org,books,Tilda,37014,261,488
for.fi,books,Ukit,81524,183,489
reality.com,fishing,Tilda,91823,83,490
of.net,films,Tilda,89300,827,491
method.org,films,Nethouse,33033,824,492
chair.com,films,Wix,52305,771,493
wait.net,fishing,Nethouse,81301,853,494
range.ru,books,Tilda,97951,293,495
money.com,games,Ukit,98973,761,496
either.net,auto,Moguta.Cloud,84248,27,497
fish.ru,auto,Tilda,95357,302,498
even.ru,games,Ukit,50623,114,499
our.ru,serials,Moguta.Cloud,48162,141,500
while.com,games,Nethouse,91617,548,501
decision.net,games,Moguta.Cloud,97047,749,502
center.fi,books,Wix,56535,500,503
not.com,serials,Wix,11147,345,504
blue.fi,auto,Nethouse,74301,108,505
color.com,fishing,Nethouse,47048,651,506
final.ru,serials,Wix,92102,971,507
provide.fi,fishing,Nethouse,84950,721,508
cup.fi,games,Ukit,78263,97,509
see.org,games,Ukit,85334,241,510
wrong.ru,books,Wix,78345,856,511
woman.fi,films,Moguta.Cloud,80631,726,512
modern.ru,serials,Ukit,12713,726,513
four.com,auto,Ukit,10990,188,514
leg.com,auto,Moguta.Cloud,68342,216,515
write.net,fishing,Ukit,53252,487,516
pay.ru,films,Nethouse,90005,535,517
newspaper.ru,auto,Tilda,10671,60,518
off.org,books,Ukit,35742,526,519
prepare.fi,auto,Moguta.Cloud,65395,113,520
address.fi,auto,Nethouse,83665,337,521
property.org,serials,Moguta.Cloud,21726,727,522
side.com,games,Ukit,86516,155,523
doctor.net,fishing,Wix,90031,791,524
just.ru,books,Wix,77622,980,525
nice.fi,serials,Tilda,64782,709,526
look.net,fishing,Tilda,59129,956,527
return.ru,serials,Nethouse,78971,50,528
yard.com,fishing,Moguta.Cloud,23151,565,529
take.com,auto,Wix,87232,813,530
play.net,serials,Moguta.Cloud,55029,515,531
interview.ru,games,Ukit,84876,990,532
often.org,books,Tilda,90787,264,533
series.org,books,Wix,27824,771,534
big.ru,fishing,Moguta.Cloud,58324,636,535
local.net,games,Tilda,45140,336,536
black.org,fishing,Wix,73023,982,537
green.net,auto,Wix,44661,469,538
study.ru,books,Moguta.Cloud,11728,372,539
past.com,serials,Tilda,96707,115,540
voice.fi,fishing,Ukit,11453,905,541
machine.fi,games,Ukit,18906,512,542
summer.com,auto,Tilda,55304,729,543
professional.fi,games,Tilda,54792,950,544
air.org,films,Wix,79224,28,545
seven.ru,games,Wix,99456,409,546
speak.fi,books,Ukit,31731,248,547
financial.com,auto,Ukit,30145,870,548
nation.org,auto,Wix,49455,428,549
quality.ru,books,Nethouse,51356,129,550
growth.net,auto,Ukit,92666,398,551
first.com,books,Ukit,61327,928,552
and.org,auto,Tilda,51270,101,553
picture.com,serials,Wix,60313,950,554
under.org,serials,Wix,53204,705,555
benefit.net,serials,Wix,32476,702,556
whose.ru,books,Tilda,96483,793,557
himself.org,auto,Wix,74726,52,558
understand.com,films,Tilda,57022,478,559
truth.ru,books,Ukit,50704,828,560
whatever.ru,auto,Tilda,47014,792,561
then.org,auto,Wix,56461,887,562
share.net,fishing,Wix,90351,718,563
policy.ru,games,Tilda,11620,787,564
main.net,books,Tilda,66595,639,565
week.org,films,Nethouse,22220,71,566
line.net,auto,Moguta.Cloud,12578,640,567
risk.org,films,Ukit,81319,392,568
action.net,games,Moguta.Cloud,71396,944,569
certain.ru,serials,Wix,36733,25,570
capital.com,films,Moguta.Cloud,17033,714,571
especially.net,auto,Ukit,43546,691,572
process.org,fishing,Ukit,21696,874,573
southern.ru,films,Moguta.Cloud,22294,550,574
wind.fi,books,Ukit,76072,400,575
show.org,films,Ukit,45780,732,576
television.net,games,Wix,23884,131,577
rule.org,games,Wix,67316,245,578
south.org,serials,Moguta.Cloud,15900,160,579
social.ru,books,Wix,24923,802,580
record.fi,games,Moguta.Cloud,94605,555,581
finish.fi,films,Tilda,95376,616,582
while.fi,books,Moguta.Cloud,56855,102,583
play.com,books,Nethouse,35637,322,584
see.org,serials,Ukit,43989,247,585
guess.com,auto,Tilda,11519,177,586
important.org,fishing,Moguta.Cloud,10431,338,587
fine.com,serials,Moguta.Cloud,86429,94,588
garden.ru,games,Nethouse,37906,542,589
marriage.org,serials,Wix,85784,99,590
yard.com,fishing,Nethouse,26851,288,591
watch.fi,games,Nethouse,70537,25,592
benefit.ru,games,Ukit,74855,697,593
prepare.net,films,Wix,10685,810,594
figure.net,auto,Moguta.Cloud,41315,516,595
talk.org,books,Tilda,16831,868,596
break.ru,serials,Tilda,74557,455,597
eye.fi,auto,Moguta.Cloud,53008,137,598
record.net,fishing,Nethouse,13111,889,599
reach.fi,games,Ukit,74768,378,600
candidate.net,games,Tilda,91461,52,601
social.fi,serials,Wix,84875,305,602
meeting.org,auto,Nethouse,40904,5,603
enter.org,books,Ukit,18686,533,604
machine.ru,games,Wix,92843,967,605
point.ru,auto,Tilda,26832,677,606
recent.net,books,Ukit,42630,163,607
occur.fi,auto,Ukit,69763,265,608
space.ru,games,Nethouse,94832,179,609
spend.net,films,Ukit,35497,153,610
scene.ru,games,Ukit,43016,506,611
record.net,fishing,Nethouse,74322,762,612
drive.com,fishing,Nethouse,83323,835,613
impact.fi,fishing,Moguta.Cloud,66314,721,614
apply.org,games,Tilda,81851,788,615
cold.fi,auto,Ukit,59759,21,616
personal.fi,fishing,Nethouse,41999,559,617
want.org,fishing,Nethouse,89916,449,618
thing.org,fishing,Tilda,42320,587,619
story.com,games,Moguta.Cloud,62681,13,620
produce.org,fishing,Ukit,22914,233,621
technology.net,films,Tilda,94456,938,622
indicate.org,fishing,Tilda,95367,573,623
so.org,films,Nethouse,76365,63,624
word.com,books,Wix,65407,529,625
yeah.org,games,Wix,73478,459,626
hear.fi,auto,Nethouse,54612,569,627
which.fi,auto,Tilda,35165,436,628
life.ru,fishing,Moguta.Cloud,28516,440,629
student.net,fishing,Tilda,17634,140,630
season.ru,fishing,Moguta.Cloud,69477,33,631
people.org,books,Ukit,72550,580,632
responsibility.org,auto,Wix,44035,891,633
shake.com,films,Tilda,45250,651,634
ok.org,films,Moguta.Cloud,12541,591,635
compare.com,auto,Moguta.Cloud,92496,799,636
fish.net,fishing,Moguta.Cloud,56775,354,637
risk.org,films,Wix,21447,1,638
around.net,auto,Ukit,27294,591,639
when.org,games,Wix,93222,618,640
fire.org,films,Wix,25204,659,641
sure.ru,books,Nethouse,36202,65,642
case.ru,fishing,Tilda,55279,704,643
now.com,auto,Wix,45620,287,644
hold.ru,auto,Ukit,18657,14,645
up.net,games,Moguta.Cloud,22007,78,646
system.com,auto,Moguta.Cloud,59147,642,647
need.com,games,Nethouse,11582,994,648
sit.ru,serials,Ukit,96511,666,649
analysis.fi,auto,Tilda,35729,279,650
get.com,serials,Ukit,73824,14,651
than.org,films,Moguta.Cloud,27311,334,652
building.net,serials,Ukit,73718,147,653
agency.org,games,Wix,69120,211,654
grow.net,books,Wix,92011,45,655
sure.net,games,Nethouse,62856,289,656
almost.com,films,Nethouse,71419,337,657
which.com,films,Wix,98750,915,658
teacher.org,auto,Tilda,96956,681,659
factor.fi,auto,Moguta.Cloud,40387,328,660
probably.org,serials,Nethouse,23019,923,661
imagine.fi,auto,Moguta.Cloud,75840,699,662
common.net,games,Wix,63377,125,663
sing.org,auto,Tilda,39235,852,664
eight.fi,auto,Moguta.Cloud,72111,524,665
option.com,fishing,Moguta.Cloud,43433,151,666
technology.ru,films,Moguta.Cloud,79561,271,667
right.org,auto,Ukit,25123,651,668
crime.ru,books,Nethouse,64558,729,669
whatever.ru,auto,Moguta.Cloud,67767,458,670
cup.com,games,Tilda,11634,577,671
look.com,films,Wix,99555,8,672
second.net,games,Moguta.Cloud,82303,264,673
focus.org,books,Nethouse,43454,942,674
deep.com,books,Tilda,94204,85,675
order.fi,games,Moguta.Cloud,17660,151,676
each.net,auto,Ukit,73253,11,677
away.com,films,Moguta.Cloud,60292,372,678
so.com,serials,Nethouse,94010,649,679
benefit.net,films,Moguta.Cloud,69476,199,680
do.net,auto,Ukit,70663,27,681
generation.org,books,Tilda,75153,154,682
level.fi,fishing,Wix,35543,492,683
social.org,serials,Tilda,12676,617,684
low.net,films,Nethouse,77585,618,685
as.net,games,Wix,87396,806,686
play.net,films,Wix,41049,666,687
letter.ru,games,Ukit,32940,529,688
song.net,films,Nethouse,29160,712,689
rate.net,books,Ukit,75042,373,690
heavy.com,serials,Moguta.Cloud,63681,415,691
paper.net,films,Moguta.Cloud,11993,571,692
choice.com,books,Tilda,48834,204,693
simple.org,books,Ukit,26271,560,694
he.org,fishing,Ukit,32516,541,695
well.com,games,Nethouse,30296,998,696
despite.com,fishing,Wix,66661,328,697
staff.com,auto,Moguta.Cloud,64682,132,698
fine.ru,auto,Nethouse,32350,350,699
sit.net,games,Nethouse,40352,781,700
close.org,films,Wix,91378,519,701
another.com,books,Tilda,44778,556,702
structure.ru,auto,Tilda,14304,147,703
actually.fi,fishing,Ukit,39591,248,704
seem.fi,fishing,Moguta.Cloud,92571,514,705
upon.net,games,Nethouse,22254,139,706
usually.com,books,Nethouse,27741,40,707
machine.com,books,Nethouse,52480,232,708
different.com,fishing,Wix,23290,944,709
so.ru,serials,Tilda,55927,93,710
contain.fi,books,Tilda,65608,198,711
hold.com,auto,Nethouse,23935,313,712
huge.fi,games,Tilda,72671,990,713
hour.com,books,Tilda,76294,745,714
professional.org,books,Tilda,39180,342,715
himself.fi,books,Tilda,37253,182,716
southern.com,serials,Wix,73507,400,717
garden.org,films,Moguta.Cloud,87055,193,718
important.org,books,Ukit,79572,651,719
I.org,games,Ukit,53628,707,720
certainly.org,films,Moguta.Cloud,80746,870,721
condition.ru,auto,Ukit,77888,68,722
sort.net,games,Ukit,23508,956,723
remember.net,auto,Nethouse,79581,372,724
then.fi,games,Moguta.Cloud,68105,401,725
nearly.com,auto,Wix,30430,729,726
use.org,fishing,Tilda,79813,405,727
thought.com,auto,Tilda,14391,120,728
deep.com,auto,Nethouse,17351,395,729
same.ru,auto,Nethouse,35267,351,730
study.com,serials,Tilda,24340,796,731
building.fi,films,Moguta.Cloud,47453,232,732
much.org,fishing,Ukit,25323,253,733
read.fi,books,Nethouse,62899,434,734
drop.ru,serials,Ukit,35818,371,735
choice.com,fishing,Tilda,85972,246,736
concern.ru,auto,Wix,45950,104,737
race.org,auto,Tilda,48284,723,738
set.fi,films,Nethouse,24703,442,739
film.net,books,Wix,35212,453,740
institution.net,films,Nethouse,60049,339,741
customer.net,games,Wix,66535,90,742
form.com,serials,Moguta.Cloud,82323,501,743
condition.net,games,Wix,78826,636,744
ready.com,films,Tilda,99804,622,745
including.com,fishing,Nethouse,90288,51,746
foot.ru,fishing,Tilda,86593,657,747
director.ru,serials,Ukit,95930,1000,748
rich.org,fishing,Wix,96836,724,749
good.fi,books,Moguta.Cloud,62165,826,750
energy.com,auto,Wix,33738,120,751
nothing.ru,auto,Tilda,66419,175,752
seem.com,books,Ukit,43649,537,753
seem.fi,auto,Wix,73782,64,754
according.net,serials,Tilda,27681,974,755
thing.fi,auto,Nethouse,95759,135,756
now.net,games,Ukit,98384,207,757
community.ru,films,Nethouse,85089,981,758
alone.com,fishing,Wix,45205,297,759
specific.org,fishing,Nethouse,30068,908,760
wish.fi,serials,Wix,97297,449,761
fly.net,games,Ukit,42909,703,762
small.net,books,Moguta.Cloud,64663,681,763
key.fi,fishing,Moguta.Cloud,52301,292,764
million.ru,fishing,Ukit,18024,104,765
physical.ru,fishing,Wix,91854,493,766
area.org,fishing,Ukit,18955,791,767
message.fi,films,Ukit,90553,804,768
nature.com,films,Wix,51112,139,769
short.com,books,Ukit,41811,752,770
lose.ru,books,Ukit,70678,18,771
change.fi,films,Wix,50162,706,772
entire.org,serials,Tilda,41764,939,773
financial.org,films,Moguta.Cloud,43853,725,774
able.net,fishing,Nethouse,53276,158,775
century.ru,auto,Nethouse,75597,940,776
relationship.org,films,Tilda,89615,263,777
identify.com,serials,Moguta.Cloud,67546,909,778
city.net,books,Wix,43828,562,779
for.net,films,Ukit,19984,688,780
record.ru,films,Tilda,15060,309,781
upon.net,books,Wix,53310,854,782
and.org,films,Wix,21935,702,783
throw.ru,films,Wix,17890,297,784
choice.org,fishing,Nethouse,32025,600,785
require.org,auto,Nethouse,78137,333,786
four.ru,auto,Nethouse,98622,839,787
fact.fi,fishing,Moguta.Cloud,13143,279,788
likely.ru,auto,Nethouse,80693,3,789
play.fi,auto,Wix,63413,855,790
my.com,books,Moguta.Cloud,14478,779,791
guess.net,books,Nethouse,55488,364,792
cultural.fi,auto,Moguta.Cloud,19551,267,793
economic.fi,games,Nethouse,35241,485,794
measure.ru,films,Nethouse,63538,679,795
individual.net,films,Nethouse,34732,758,796
entire.com,auto,Wix,67147,384,797
husband.net,fishing,Moguta.Cloud,73513,399,798
series.ru,games,Wix,81623,607,799
cell.com,games,Ukit,31534,277,800
get.fi,books,Tilda,95323,695,801
today.org,serials,Tilda,85617,538,802
impact.net,films,Ukit,69529,537,803
discover.fi,serials,Wix,25700,889,804
difference.ru,games,Wix,13142,993,805
poor.ru,serials,Wix,71606,205,806
hotel.com,fishing,Nethouse,11957,109,807
report.net,auto,Moguta.Cloud,55694,900,808
light.net,auto,Nethouse,91105,323,809
window.net,serials,Nethouse,79476,926,810
sound.com,fishing,Tilda,32259,263,811
blood.net,auto,Moguta.Cloud,19256,149,812
realize.ru,serials,Moguta.Cloud,81148,983,813
individual.org,books,Nethouse,51129,739,814
red.com,films,Tilda,68610,77,815
decision.ru,serials,Moguta.Cloud,94354,697,816
seat.net,fishing,Moguta.Cloud,68183,16,817
none.ru,games,Wix,86070,180,818
appear.fi,fishing,Nethouse,84857,896,819
get.com,films,Moguta.Cloud,42260,481,820
bank.net,books,Nethouse,95861,566,821
gun.ru,fishing,Nethouse,18860,236,822
section.fi,films,Tilda,81294,589,823
catch.org,books,Tilda,23093,247,824
research.ru,films,Moguta.Cloud,83490,327,825
government.org,auto,Tilda,33734,638,826
chance.com,books,Tilda,86907,794,827
opportunity.org,films,Moguta.Cloud,44554,270,828
far.ru,serials,Tilda,40446,292,829
remain.org,books,Nethouse,13884,333,830
its.ru,auto,Nethouse,21322,534,831
determine.net,games,Moguta.Cloud,38537,266,832
art.net,games,Nethouse,20062,922,833
from.org,serials,Wix,73711,155,834
hair.ru,fishing,Nethouse,48554,683,835
family.net,serials,Ukit,80601,294,836
interesting.fi,fishing,Wix,38761,827,837
throughout.org,films,Wix,30826,954,838
air.fi,serials,Nethouse,25823,473,839
either.ru,books,Wix,81344,267,840
necessary.net,games,Ukit,27468,83,841
maybe.net,fishing,Moguta.Cloud,80542,962,842
fast.fi,films,Ukit,18686,767,843
sort.net,books,Moguta.Cloud,74732,519,844
thus.ru,games,Wix,44123,834,845
people.com,films,Wix,83603,243,846
around.org,auto,Ukit,57222,89,847
product.com,games,Tilda,28142,64,848
guy.com,serials,Moguta.Cloud,52630,48,849
decision.org,fishing,Wix,83986,40,850
support.org,auto,Moguta.Cloud,64798,613,851
benefit.fi,books,Ukit,27609,172,852
behavior.org,films,Ukit,10972,190,853
rate.org,auto,Ukit,15082,10,854
seat.ru,serials,Wix,74717,551,855
have.net,serials,Ukit,86208,548,856
page.ru,auto,Moguta.Cloud,67415,703,857
public.ru,books,Wix,79621,339,858
write.com,films,Wix,72580,150,859
catch.net,films,Nethouse,42733,306,860
sea.net,books,Nethouse,40273,821,861
speech.ru,auto,Nethouse,43761,572,862
bill.fi,books,Tilda,60719,338,863
several.org,serials,Tilda,68556,916,864
thought.com,films,Ukit,61380,518,865
half.ru,games,Tilda,19100,21,866
able.org,films,Nethouse,30529,624,867
someone.org,games,Moguta.Cloud,53529,551,868
operation.org,books,Ukit,11303,775,869
series.net,books,Moguta.Cloud,24256,953,870
friend.com,fishing,Ukit,49375,107,871
wait.ru,fishing,Ukit,52936,323,872
whatever.ru,serials,Ukit,65647,116,873
writer.fi,games,Nethouse,74713,769,874
respond.org,auto,Tilda,67857,721,875
ever.net,games,Ukit,15540,462,876
table.com,auto,Nethouse,33582,849,877
attack.net,games,Moguta.Cloud,68624,455,878
current.net,auto,Nethouse,90766,165,879
buy.ru,auto,Moguta.Cloud,47960,388,880
whose.com,games,Ukit,68306,932,881
garden.org,auto,Nethouse,69841,538,882
senior.ru,auto,Ukit,13229,847,883
again.com,books,Wix,10707,359,884
meet.com,games,Ukit,37913,941,885
need.com,serials,Ukit,49213,604,886
hotel.fi,games,Moguta.Cloud,54809,256,887
type.org,fishing,Moguta.Cloud,91778,773,888
action.org,serials,Moguta.Cloud,82732,458,889
television.com,auto,Nethouse,79678,776,890
Democrat.org,fishing,Moguta.Cloud,79383,833,891
purpose.ru,films,Ukit,51334,621,892
space.org,fishing,Nethouse,58660,378,893
section.ru,games,Nethouse,39732,748,894
accept.net,books,Tilda,69297,376,895
represent.com,auto,Wix,15635,507,896
pressure.ru,films,Wix,41737,19,897
serious.com,films,Tilda,92092,51,898
know.org,serials,Moguta.Cloud,37159,517,899
trade.fi,games,Tilda,95563,171,900
standard.org,films,Wix,53450,863,901
collection.org,games,Wix,80736,483,902
back.net,films,Nethouse,70040,705,903
half.fi,fishing,Wix,71893,487,904
tree.org,auto,Nethouse,53600,732,905
series.net,games,Tilda,50278,815,906
both.org,films,Tilda,61353,734,907
hospital.com,auto,Moguta.Cloud,46979,660,908
happen.org,games,Ukit,77887,3,909
cut.com,auto,Wix,25583,171,910
song.org,films,Ukit,53426,780,911
life.fi,serials,Tilda,76026,125,912
shoulder.com,games,Wix,88015,680,913
adult.net,auto,Ukit,78095,123,914
because.ru,serials,Ukit,22175,269,915
him.com,serials,Nethouse,89296,451,916
two.fi,auto,Ukit,46494,732,917
material.org,films,Moguta.Cloud,80953,852,918
performance.ru,serials,Nethouse,15034,27,919
low.ru,games,Ukit,62625,267,920
month.net,games,Nethouse,95999,445,921
result.com,fishing,Tilda,78354,881,922
start.com,auto,Wix,25744,720,923
high.com,books,Nethouse,17941,695,924
ball.ru,films,Nethouse,83262,365,925
above.net,books,Nethouse,77865,362,926
theory.org,serials,Tilda,26132,351,927
set.net,films,Moguta.Cloud,50837,977,928
if.fi,fishing,Moguta.Cloud,61337,876,929
far.org,fishing,Tilda,28075,400,930
character.fi,books,Moguta.Cloud,96192,479,931
meeting.com,auto,Tilda,31847,600,932
front.org,fishing,Moguta.Cloud,33507,305,933
college.com,serials,Nethouse,26493,130,934
together.org,films,Moguta.Cloud,66604,603,935
government.net,fishing,Nethouse,83752,866,936
tree.net,serials,Tilda,87472,582,937
identify.net,films,Moguta.Cloud,63962,790,938
force.net,fishing,Moguta.Cloud,98908,219,939
then.org,books,Wix,98571,577,940
food.org,films,Wix,98020,844,941
build.org,serials,Nethouse,44640,124,942
gas.fi,serials,Tilda,26245,569,943
stop.ru,films,Wix,43367,554,944
front.org,serials,Moguta.Cloud,42350,399,945
fast.com,auto,Tilda,47163,211,946
heavy.org,films,Ukit,55920,661,947
strategy.com,books,Wix,98171,223,948
explain.org,auto,Tilda,23945,807,949
throw.fi,auto,Ukit,97012,967,950
almost.com,films,Moguta.Cloud,40145,312,951
require.com,films,Wix,90222,301,952
evening.com,books,Moguta.Cloud,38568,990,953
guy.org,games,Ukit,10801,261,954
summer.com,books,Nethouse,96261,707,955
certain.net,fishing,Nethouse,35974,857,956
produce.org,auto,Tilda,81330,355,957
civil.com,games,Moguta.Cloud,46553,367,958
strong.org,books,Nethouse,93632,92,959
too.ru,books,Wix,38892,761,960
after.net,games,Wix,85268,753,961
program.org,films,Ukit,94824,191,962
exactly.ru,serials,Moguta.Cloud,75908,348,963
meet.org,serials,Moguta.Cloud,61637,665,964
that.fi,films,Nethouse,19968,994,965
nothing.fi,auto,Nethouse,28148,843,966
woman.com,films,Tilda,11997,367,967
off.ru,games,Ukit,84537,593,968
line.net,fishing,Wix,30364,171,969
manage.net,fishing,Tilda,42039,529,970
light.org,films,Moguta.Cloud,80906,516,971
story.fi,films,Moguta.Cloud,65161,908,972
nothing.ru,films,Moguta.Cloud,39500,944,973
brother.com,books,Nethouse,31466,81,974
minute.ru,auto,Wix,25625,160,975
civil.net,serials,Ukit,69791,546,976
onto.net,serials,Ukit,11423,677,977
community.fi,fishing,Moguta.Cloud,57015,643,978
plan.ru,auto,Nethouse,25368,763,979
decade.fi,auto,Tilda,46427,602,980
pressure.net,games,Moguta.Cloud,70606,310,981
learn.fi,auto,Ukit,97219,707,982
history.org,serials,Ukit,58243,520,983
economy.fi,fishing,Nethouse,86516,688,984
wish.com,films,Moguta.Cloud,39936,918,985
do.fi,fishing,Moguta.Cloud,24646,770,986
song.net,films,Moguta.Cloud,32645,268,987
try.org,serials,Tilda,82846,962,988
top.ru,fishing,Moguta.Cloud,95130,250,989
sister.org,films,Tilda,78933,906,990
tax.net,auto,Nethouse,77596,891,991
door.org,fishing,Tilda,78034,594,992
whom.net,games,Wix,63232,99,993
box.net,films,Moguta.Cloud,65944,82,994
remain.net,books,Ukit,15224,598,995
production.fi,games,Nethouse,52170,458,996
budget.fi,fishing,Nethouse,11781,87,997
surface.com,fishing,Wix,25524,524,998
security.com,games,Wix,45126,535,999
food.org,books,Ukit,24081,352,1000
player.org,serials,Moguta.Cloud,60560,733,1001
